<?xml version="1.0" encoding="UTF-8"?>
<beans xmlns="http://www.springframework.org/schema/beans"
	xmlns:xsi="http://www.w3.org/2001/XMLSchema-instance"
	xsi:schemaLocation="http://www.springframework.org/schema/beans http://www.springframework.org/schema/beans/spring-beans.xsd">

<!--db 설정   -->
<bean id="ds" class="org.springframework.jndi.JndiObjectFactoryBean">
	<property name="jndiName">
	  <value>jdbc/spring</value>
	</property>
	<property name="resourceRef" value="true"></property>
</bean>


<!-- spring jdbc template -->
<bean id="template" class="org.springframework.jdbc.core.JdbcTemplate">
	<property name="dataSource"  ref="ds"></property>
</bean>


<!-- dao -->
<bean id="dao" class="com.person.model.PersonDAOImpl">
  <property name="template" ref="template"></property>
</bean>

<!-- 상세보기 -->
<bean name="/personView.sp" class="com.person.controller.PersonView">
<property name="dao" ref="dao"></property>
</bean>

<!-- 전체보기 -->
<bean name="/personList.sp" class="com.person.controller.PersonList">
  <property name="dao"  ref="dao"></property>
</bean>


<!-- 추가 -->
<bean name="/personInsert.sp" class="com.person.controller.PersonInsert">
<property name="dao" ref="dao"></property>
</bean>    


<!-- 추가 폼 -->
<bean name="/personForm.sp" class="com.person.controller.PersonForm"></bean>


<!-- 수정-->
<bean name="/personUpdate.sp" class="com.person.controller.PersonUpdate">   
<property name="dao" ref="dao"></property>    
</bean>

<!-- 수정 폼-->
<bean name="/personUpdateForm.sp" class="com.person.controller.PersonUpdateForm">   
<property name="dao" ref="dao"></property>    
</bean>


<!-- 삭제 -->     
<bean name="/personDelete.sp" class="com.person.controller.PersonDelete">
<property name="dao" ref="dao"></property>
</bean>


<!-- test -->
<bean name="/test.sp" class="com.test.TestController"></bean>
</beans>
