<?xml version="1.0" encoding="UTF-8"?>
<!DOCTYPE mapper
 PUBLIC "-//mybatis.org//DTD Mapper 3.0//EN"
 "http://mybatis.org/dtd/mybatis-3-mapper.dtd">
 
 <mapper namespace="com.myguest.mapper.Guest">  <!-- 자기위치(지금은 패키지 안이라 길어짐) -->
 <sql id="search">
 <where>
 <if test="word!=null and field =='name'">
 name like CONCAT('%',#{word},'%')
 </if>
 <if test="word!=null and field=='content'">
content like CONCAT('%',#{word},'%')
 </if>
 </where>
 </sql>
 
 <!-- 추가 -->
 <insert id = "insertGuest" parameterType="com.myspring.model.GuestDTO">
 insert into guest(name, content, grade, created, ipaddr) values(#{name}, #{content}, #{grade}, now(), #{ipaddr})
 </insert>
 
 <!-- 전체보기 -->
 <select id="listGuest" resultType="com.myspring.model.GuestDTO">
 select * from guest
 </select>
 
 <!-- 개수 -->
<select id = "countGuest" resultType="int">
select count(*) from guest
<include refid="search"/>
</select>
 </mapper>