<?xml version="1.0" encoding="UTF-8"?>
<beans xmlns="http://www.springframework.org/schema/beans"
	xmlns:xsi="http://www.w3.org/2001/XMLSchema-instance"
	xmlns:security="http://www.springframework.org/schema/security"
	xsi:schemaLocation="http://www.springframework.org/schema/security https://www.springframework.org/schema/security/spring-security.xsd
		http://www.springframework.org/schema/beans http://www.springframework.org/schema/beans/spring-beans.xsd">

<bean id="bcryptPasswordEncoder" class="org.springframework.security.crypto.bcrypt.BCryptPasswordEncoder"/>  <!-- 암호화 객체 -->
<bean id="customUserDetailsService" class="com.mysecurity.domain.CustomUserDetailsService"/>
<bean id="customLoginSuccess" class="com.mysecurity.domain.CustomLoginSuccess"/>


<security:http>
<security:intercept-url pattern="/all" access="permitAll"/>  <!-- 모두에게 접근 허용 -->
<security:intercept-url pattern="/manager" access="hasRole('ROLE_MANAGER')"/>
<!-- <security:form-login login-page="/customLogin" authentication-success-handler-ref = "customLoginSuccess"/> -->  
<!-- 주소 끝에 customLogin 입력 시 해당 창으로 이동 -->

<security:form-login login-page="/customLogin"/>  
<!-- 이전 페이지 기억(지금은 리스트가 가장 먼저고 '글쓰기' 누르면 로그인 창으로 감 = 로그인 후 이전 창인 리스트로 이동 -->

<security:csrf disabled="true"/>

<security:logout invalidate-session="true"/>  <!-- 섹션을 다 지움/로그아웃 -->
<!-- 만약 'logout'이라는 이름을 바꾸고 싶으면 logout-url="/customLogout" 끝에 적기(단, logout링크 걸어놓은 곳 이름도 바꿔야 함) -->
</security:http>

<security:authentication-manager>

  <security:authentication-provider user-service-ref="customUserDetailsService">
  <security:password-encoder ref = "bcryptPasswordEncoder"/>
  </security:authentication-provider>

</security:authentication-manager>

</beans>
