<?xml version="1.0" encoding="UTF-8"?>
<beans xmlns="http://www.springframework.org/schema/beans"
	xmlns:xsi="http://www.w3.org/2001/XMLSchema-instance"
	xmlns:mybatis-spring="http://mybatis.org/schema/mybatis-spring"
	xmlns:tx="http://www.springframework.org/schema/tx"
	xmlns:context="http://www.springframework.org/schema/context"
	xmlns:aop="http://www.springframework.org/schema/aop"
	xsi:schemaLocation="http://mybatis.org/schema/mybatis-spring http://mybatis.org/schema/mybatis-spring-1.2.xsd
		http://www.springframework.org/schema/beans https://www.springframework.org/schema/beans/spring-beans.xsd
		http://www.springframework.org/schema/context http://www.springframework.org/schema/context/spring-context-4.3.xsd
		http://www.springframework.org/schema/aop http://www.springframework.org/schema/aop/spring-aop-4.3.xsd
		http://www.springframework.org/schema/tx http://www.springframework.org/schema/tx/spring-tx-4.3.xsd">

	
	<!-- Root Context: defines shared resources visible to all other web components -->
	<bean id="hikariConfig" class="com.zaxxer.hikari.HikariConfig">
		<property name="driverClassName" 	value="com.mysql.cj.jdbc.Driver" />
		<property name="jdbcUrl"
			value="jdbc:mysql://localhost:3306/big9_spring?useSSL=false&amp;serverTimezone=Asia/Seoul&amp;characterEncoding=UTF-8"></property>
		<property name="username" value="root" />
		<property name="password" value="1234" />
	</bean>
	
	<bean id="dataSource" class="com.zaxxer.hikari.HikariDataSource" destroy-method="close">
	  <constructor-arg ref="hikariConfig" />
	</bean>
		<!-- mybatis -->
	<bean id="sqlSessionFactoryBean"
		class="org.mybatis.spring.SqlSessionFactoryBean">
		<property name="dataSource" ref="dataSource" />
  </bean>
  
  <!-- Transactional 처리할 수 있게 만드는중-->
  <bean id="transactionManager" class="org.springframework.jdbc.datasource.DataSourceTransactionManager">
  <property name="dataSource" ref="dataSource"/>
  </bean>
  <tx:annotation-driven/><!-- 만들어놓은 객체 자동 주입 -->
  
    <mybatis-spring:scan base-package="com.myboard.mapper"/>
    
    
    <context:component-scan base-package="com.myboard.model, com.myboard.aop"/>
    <aop:aspectj-autoproxy></aop:aspectj-autoproxy>
    
    
    
    
    
    
    <context:component-scan base-package="com.myboard.model" />
    	<!-- 바로 윗줄이 원래 servlet-context에 있는건데
    	트렌젝션 실행시 model을 root에 넣어줘야 실행이 가능하다
    	컨트롤러에서는 조회만 가능하게끔
    	서비스레이어 주는 이유; 트렌젝션 주기 위해서()모든 작업이 하나의 메소드로 진행되진 않는다
    	트렌젝션은 서비스레이어에서 이루어져야한다
    	 -->
</beans>
